[
  {
    "Date": "12/01/2016",
    "FajrStart": "6:16 AM",
    "FajrPray": "7:00 AM",
    "Sunrise": "7:44 AM",
    "DhuhrStart": "11:55 AM",
    "DhuhrPray": "1:15 PM",
    "AsrStart": "2:08 PM",
    "AsrPray": "2:30 PM",
    "MaghribStart": "3:58 PM",
    "MaghribPray": "4:03 PM",
    "IshaStart": "5:13 PM",
    "IshaPray": "7:00 PM",
    "Jummuah1": "",
    "Jummuah2": ""
  },
  {
    "Date": "12/02/2016",
    "FajrStart": "6:17 AM",
    "FajrPray": "7:00 AM",
    "Sunrise": "7:45 AM",
    "DhuhrStart": "11:55 AM",
    "DhuhrPray": "1:15 PM",
    "AsrStart": "2:08 PM",
    "AsrPray": "2:30 PM",
    "MaghribStart": "3:58 PM",
    "MaghribPray": "4:03 PM",
    "IshaStart": "5:13 PM",
    "IshaPray": "7:00 PM",
    "Jummuah1": "",
    "Jummuah2": ""
  },
  {
    "Date": "12/03/2016",
    "FajrStart": "6:18 AM",
    "FajrPray": "7:00 AM",
    "Sunrise": "7:46 AM",
    "DhuhrStart": "11:56 AM",
    "DhuhrPray": "1:15 PM",
    "AsrStart": "2:07 PM",
    "AsrPray": "2:30 PM",
    "MaghribStart": "3:57 PM",
    "MaghribPray": "4:02 PM",
    "IshaStart": "5:13 PM",
    "IshaPray": "7:00 PM",
    "Jummuah1": "",
    "Jummuah2": ""
  },
  {
    "Date": "12/04/2016",
    "FajrStart": "6:20 AM",
    "FajrPray": "7:00 AM",
    "Sunrise": "7:48 AM",
    "DhuhrStart": "11:56 AM",
    "DhuhrPray": "1:15 PM",
    "AsrStart": "2:07 PM",
    "AsrPray": "2:30 PM",
    "MaghribStart": "3:57 PM",
    "MaghribPray": "4:02 PM",
    "IshaStart": "5:13 PM",
    "IshaPray": "7:00 PM",
    "Jummuah1": "",
    "Jummuah2": ""
  },
  {
    "Date": "12/05/2016",
    "FajrStart": "6:21 AM",
    "FajrPray": "7:00 AM",
    "Sunrise": "7:49 AM",
    "DhuhrStart": "11:56 AM",
    "DhuhrPray": "1:15 PM",
    "AsrStart": "2:07 PM",
    "AsrPray": "2:30 PM",
    "MaghribStart": "3:56 PM",
    "MaghribPray": "4:01 PM",
    "IshaStart": "5:12 PM",
    "IshaPray": "7:00 PM",
    "Jummuah1": "",
    "Jummuah2": ""
  },
  {
    "Date": "12/06/2016",
    "FajrStart": "6:22 AM",
    "FajrPray": "7:00 AM",
    "Sunrise": "7:50 AM",
    "DhuhrStart": "11:57 AM",
    "DhuhrPray": "1:15 PM",
    "AsrStart": "2:06 PM",
    "AsrPray": "2:30 PM",
    "MaghribStart": "3:56 PM",
    "MaghribPray": "4:01 PM",
    "IshaStart": "5:12 PM",
    "IshaPray": "7:00 PM",
    "Jummuah1": "",
    "Jummuah2": ""
  },
  {
    "Date": "12/07/2016",
    "FajrStart": "6:23 AM",
    "FajrPray": "7:00 AM",
    "Sunrise": "7:52 AM",
    "DhuhrStart": "11:57 AM",
    "DhuhrPray": "1:15 PM",
    "AsrStart": "2:06 PM",
    "AsrPray": "2:30 PM",
    "MaghribStart": "3:55 PM",
    "MaghribPray": "4:00 PM",
    "IshaStart": "5:12 PM",
    "IshaPray": "7:00 PM",
    "Jummuah1": "",
    "Jummuah2": ""
  },
  {
    "Date": "12/08/2016",
    "FajrStart": "6:25 AM",
    "FajrPray": "7:00 AM",
    "Sunrise": "7:53 AM",
    "DhuhrStart": "11:58 AM",
    "DhuhrPray": "1:15 PM",
    "AsrStart": "2:06 PM",
    "AsrPray": "2:30 PM",
    "MaghribStart": "3:55 PM",
    "MaghribPray": "4:00 PM",
    "IshaStart": "5:11 PM",
    "IshaPray": "7:00 PM",
    "Jummuah1": "",
    "Jummuah2": ""
  },
  {
    "Date": "12/09/2016",
    "FajrStart": "6:26 AM",
    "FajrPray": "7:00 AM",
    "Sunrise": "7:54 AM",
    "DhuhrStart": "11:58 AM",
    "DhuhrPray": "1:15 PM",
    "AsrStart": "2:06 PM",
    "AsrPray": "2:30 PM",
    "MaghribStart": "3:55 PM",
    "MaghribPray": "4:00 PM",
    "IshaStart": "5:11 PM",
    "IshaPray": "7:00 PM",
    "Jummuah1": "",
    "Jummuah2": ""
  },
  {
    "Date": "12/10/2016",
    "FajrStart": "6:27 AM",
    "FajrPray": "7:00 AM",
    "Sunrise": "7:55 AM",
    "DhuhrStart": "11:59 AM",
    "DhuhrPray": "1:15 PM",
    "AsrStart": "2:05 PM",
    "AsrPray": "2:30 PM",
    "MaghribStart": "3:55 PM",
    "MaghribPray": "4:00 PM",
    "IshaStart": "5:11 PM",
    "IshaPray": "7:00 PM",
    "Jummuah1": "",
    "Jummuah2": ""
  },
  {
    "Date": "12/11/2016",
    "FajrStart": "6:27 AM",
    "FajrPray": "7:00 AM",
    "Sunrise": "7:56 AM",
    "DhuhrStart": "11:59 AM",
    "DhuhrPray": "1:15 PM",
    "AsrStart": "2:05 PM",
    "AsrPray": "2:30 PM",
    "MaghribStart": "3:55 PM",
    "MaghribPray": "4:00 PM",
    "IshaStart": "5:11 PM",
    "IshaPray": "7:00 PM",
    "Jummuah1": "",
    "Jummuah2": ""
  },
  {
    "Date": "12/12/2016",
    "FajrStart": "6:28 AM",
    "FajrPray": "7:00 AM",
    "Sunrise": "7:57 AM",
    "DhuhrStart": "12:00 PM",
    "DhuhrPray": "1:15 PM",
    "AsrStart": "2:05 PM",
    "AsrPray": "2:30 PM",
    "MaghribStart": "3:55 PM",
    "MaghribPray": "4:00 PM",
    "IshaStart": "5:11 PM",
    "IshaPray": "7:00 PM",
    "Jummuah1": "",
    "Jummuah2": ""
  },
  {
    "Date": "12/13/2016",
    "FajrStart": "6:29 AM",
    "FajrPray": "7:00 AM",
    "Sunrise": "7:58 AM",
    "DhuhrStart": "12:00 PM",
    "DhuhrPray": "1:15 PM",
    "AsrStart": "2:05 PM",
    "AsrPray": "2:30 PM",
    "MaghribStart": "3:55 PM",
    "MaghribPray": "4:00 PM",
    "IshaStart": "5:11 PM",
    "IshaPray": "7:00 PM",
    "Jummuah1": "",
    "Jummuah2": ""
  },
  {
    "Date": "12/14/2016",
    "FajrStart": "6:30 AM",
    "FajrPray": "7:00 AM",
    "Sunrise": "7:59 AM",
    "DhuhrStart": "12:01 PM",
    "DhuhrPray": "1:15 PM",
    "AsrStart": "2:05 PM",
    "AsrPray": "2:30 PM",
    "MaghribStart": "3:55 PM",
    "MaghribPray": "4:00 PM",
    "IshaStart": "5:11 PM",
    "IshaPray": "7:00 PM",
    "Jummuah1": "",
    "Jummuah2": ""
  },
  {
    "Date": "12/15/2016",
    "FajrStart": "6:31 AM",
    "FajrPray": "7:15 AM",
    "Sunrise": "8:00 AM",
    "DhuhrStart": "12:01 PM",
    "DhuhrPray": "1:15 PM",
    "AsrStart": "2:05 PM",
    "AsrPray": "2:30 PM",
    "MaghribStart": "3:55 PM",
    "MaghribPray": "4:00 PM",
    "IshaStart": "5:11 PM",
    "IshaPray": "7:00 PM",
    "Jummuah1": "",
    "Jummuah2": ""
  },
  {
    "Date": "12/16/2016",
    "FajrStart": "6:31 AM",
    "FajrPray": "7:15 AM",
    "Sunrise": "8:00 AM",
    "DhuhrStart": "12:01 PM",
    "DhuhrPray": "1:15 PM",
    "AsrStart": "2:06 PM",
    "AsrPray": "2:30 PM",
    "MaghribStart": "3:55 PM",
    "MaghribPray": "4:00 PM",
    "IshaStart": "5:11 PM",
    "IshaPray": "7:00 PM",
    "Jummuah1": "",
    "Jummuah2": ""
  },
  {
    "Date": "12/17/2016",
    "FajrStart": "6:32 AM",
    "FajrPray": "7:15 AM",
    "Sunrise": "8:01 AM",
    "DhuhrStart": "12:02 PM",
    "DhuhrPray": "1:15 PM",
    "AsrStart": "2:06 PM",
    "AsrPray": "2:30 PM",
    "MaghribStart": "3:55 PM",
    "MaghribPray": "4:00 PM",
    "IshaStart": "5:11 PM",
    "IshaPray": "7:00 PM",
    "Jummuah1": "",
    "Jummuah2": ""
  },
  {
    "Date": "12/18/2016",
    "FajrStart": "6:33 AM",
    "FajrPray": "7:15 AM",
    "Sunrise": "8:02 AM",
    "DhuhrStart": "12:02 PM",
    "DhuhrPray": "1:15 PM",
    "AsrStart": "2:06 PM",
    "AsrPray": "2:30 PM",
    "MaghribStart": "3:55 PM",
    "MaghribPray": "4:00 PM",
    "IshaStart": "5:11 PM",
    "IshaPray": "7:00 PM",
    "Jummuah1": "",
    "Jummuah2": ""
  },
  {
    "Date": "12/19/2016",
    "FajrStart": "6:33 AM",
    "FajrPray": "7:15 AM",
    "Sunrise": "8:03 AM",
    "DhuhrStart": "12:03 PM",
    "DhuhrPray": "1:15 PM",
    "AsrStart": "2:07 PM",
    "AsrPray": "2:30 PM",
    "MaghribStart": "3:56 PM",
    "MaghribPray": "4:01 PM",
    "IshaStart": "5:12 PM",
    "IshaPray": "7:00 PM",
    "Jummuah1": "",
    "Jummuah2": ""
  },
  {
    "Date": "12/20/2016",
    "FajrStart": "6:34 AM",
    "FajrPray": "7:15 AM",
    "Sunrise": "8:03 AM",
    "DhuhrStart": "12:03 PM",
    "DhuhrPray": "1:15 PM",
    "AsrStart": "2:07 PM",
    "AsrPray": "2:30 PM",
    "MaghribStart": "3:56 PM",
    "MaghribPray": "4:01 PM",
    "IshaStart": "5:12 PM",
    "IshaPray": "7:00 PM",
    "Jummuah1": "",
    "Jummuah2": ""
  },
  {
    "Date": "12/21/2016",
    "FajrStart": "6:35 AM",
    "FajrPray": "7:15 AM",
    "Sunrise": "8:04 AM",
    "DhuhrStart": "12:04 PM",
    "DhuhrPray": "1:15 PM",
    "AsrStart": "2:07 PM",
    "AsrPray": "2:30 PM",
    "MaghribStart": "3:57 PM",
    "MaghribPray": "4:02 PM",
    "IshaStart": "5:13 PM",
    "IshaPray": "7:00 PM",
    "Jummuah1": "",
    "Jummuah2": ""
  },
  {
    "Date": "12/22/2016",
    "FajrStart": "6:35 AM",
    "FajrPray": "7:15 AM",
    "Sunrise": "8:04 AM",
    "DhuhrStart": "12:04 PM",
    "DhuhrPray": "1:15 PM",
    "AsrStart": "2:08 PM",
    "AsrPray": "2:30 PM",
    "MaghribStart": "3:57 PM",
    "MaghribPray": "4:02 PM",
    "IshaStart": "5:13 PM",
    "IshaPray": "7:00 PM",
    "Jummuah1": "",
    "Jummuah2": ""
  },
  {
    "Date": "12/23/2016",
    "FajrStart": "6:36 AM",
    "FajrPray": "7:15 AM",
    "Sunrise": "8:05 AM",
    "DhuhrStart": "12:05 PM",
    "DhuhrPray": "1:15 PM",
    "AsrStart": "2:09 PM",
    "AsrPray": "2:30 PM",
    "MaghribStart": "3:58 PM",
    "MaghribPray": "4:03 PM",
    "IshaStart": "5:13 PM",
    "IshaPray": "7:00 PM",
    "Jummuah1": "",
    "Jummuah2": ""
  },
  {
    "Date": "12/24/2016",
    "FajrStart": "6:36 AM",
    "FajrPray": "7:15 AM",
    "Sunrise": "8:05 AM",
    "DhuhrStart": "12:05 PM",
    "DhuhrPray": "1:15 PM",
    "AsrStart": "2:09 PM",
    "AsrPray": "2:30 PM",
    "MaghribStart": "3:58 PM",
    "MaghribPray": "4:03 PM",
    "IshaStart": "5:13 PM",
    "IshaPray": "7:00 PM",
    "Jummuah1": "",
    "Jummuah2": ""
  },
  {
    "Date": "12/25/2016",
    "FajrStart": "6:36 AM",
    "FajrPray": "7:15 AM",
    "Sunrise": "8:05 AM",
    "DhuhrStart": "12:06 PM",
    "DhuhrPray": "1:15 PM",
    "AsrStart": "2:10 PM",
    "AsrPray": "2:30 PM",
    "MaghribStart": "3:59 PM",
    "MaghribPray": "4:03 PM",
    "IshaStart": "5:14 PM",
    "IshaPray": "7:00 PM",
    "Jummuah1": "",
    "Jummuah2": ""
  },
  {
    "Date": "12/26/2016",
    "FajrStart": "6:37 AM",
    "FajrPray": "7:15 AM",
    "Sunrise": "8:06 AM",
    "DhuhrStart": "12:06 PM",
    "DhuhrPray": "1:15 PM",
    "AsrStart": "2:11 PM",
    "AsrPray": "2:30 PM",
    "MaghribStart": "4:00 PM",
    "MaghribPray": "4:05 PM",
    "IshaStart": "5:15 PM",
    "IshaPray": "7:00 PM",
    "Jummuah1": "",
    "Jummuah2": ""
  },
  {
    "Date": "12/27/2016",
    "FajrStart": "6:37 AM",
    "FajrPray": "7:15 AM",
    "Sunrise": "8:06 AM",
    "DhuhrStart": "12:07 PM",
    "DhuhrPray": "1:15 PM",
    "AsrStart": "2:11 PM",
    "AsrPray": "2:45 PM",
    "MaghribStart": "4:00 PM",
    "MaghribPray": "4:05 PM",
    "IshaStart": "5:16 PM",
    "IshaPray": "7:00 PM",
    "Jummuah1": "",
    "Jummuah2": ""
  },
  {
    "Date": "12/28/2016",
    "FajrStart": "6:37 AM",
    "FajrPray": "7:15 AM",
    "Sunrise": "8:06 AM",
    "DhuhrStart": "12:07 PM",
    "DhuhrPray": "1:15 PM",
    "AsrStart": "2:12 PM",
    "AsrPray": "2:45 PM",
    "MaghribStart": "4:01 PM",
    "MaghribPray": "4:06 PM",
    "IshaStart": "5:17 PM",
    "IshaPray": "7:00 PM",
    "Jummuah1": "",
    "Jummuah2": ""
  },
  {
    "Date": "12/29/2016",
    "FajrStart": "6:37 AM",
    "FajrPray": "7:15 AM",
    "Sunrise": "8:06 AM",
    "DhuhrStart": "12:08 PM",
    "DhuhrPray": "1:15 PM",
    "AsrStart": "2:13 PM",
    "AsrPray": "2:45 PM",
    "MaghribStart": "4:02 PM",
    "MaghribPray": "4:07 PM",
    "IshaStart": "5:18 PM",
    "IshaPray": "7:00 PM",
    "Jummuah1": "",
    "Jummuah2": ""
  },
  {
    "Date": "12/30/2016",
    "FajrStart": "6:37 AM",
    "FajrPray": "7:15 AM",
    "Sunrise": "8:06 AM",
    "DhuhrStart": "12:08 PM",
    "DhuhrPray": "1:15 PM",
    "AsrStart": "2:14 PM",
    "AsrPray": "2:45 PM",
    "MaghribStart": "4:03 PM",
    "MaghribPray": "4:08 PM",
    "IshaStart": "5:19 PM",
    "IshaPray": "7:00 PM",
    "Jummuah1": "",
    "Jummuah2": ""
  },
  {
    "Date": "12/31/2016",
    "FajrStart": "6:37 AM",
    "FajrPray": "7:15 AM",
    "Sunrise": "8:06 AM",
    "DhuhrStart": "12:09 PM",
    "DhuhrPray": "1:15 PM",
    "AsrStart": "2:15 PM",
    "AsrPray": "2:45 PM",
    "MaghribStart": "4:04 PM",
    "MaghribPray": "4:09 PM",
    "IshaStart": "5:20 PM",
    "IshaPray": "7:00 PM",
    "Jummuah1": "",
    "Jummuah2": ""
  },
  {
    "Date": "01/01/2017",
    "FajrStart": "6:30 AM",
    "FajrPray": "7:15 AM",
    "Sunrise": "8:06 AM",
    "DhuhrStart": "12:09 PM",
    "DhuhrPray": "1:15 PM",
    "AsrStart": "2:16 PM",
    "AsrPray": "2:45 PM",
    "MaghribStart": "4:05 PM",
    "MaghribPray": "4:09 PM",
    "IshaStart": "5:20 PM",
    "IshaPray": "7:00 PM",
    "Jummuah1": "",
    "Jummuah2": ""
  },
  {
    "Date": "01/02/2017",
    "FajrStart": "6:30 AM",
    "FajrPray": "7:15 AM",
    "Sunrise": "8:06 AM",
    "DhuhrStart": "12:09 PM",
    "DhuhrPray": "1:15 PM",
    "AsrStart": "2:17 PM",
    "AsrPray": "2:45 PM",
    "MaghribStart": "4:06 PM",
    "MaghribPray": "4:10 PM",
    "IshaStart": "5:21 PM",
    "IshaPray": "7:00 PM",
    "Jummuah1": "",
    "Jummuah2": ""
  },
  {
    "Date": "01/03/2017",
    "FajrStart": "6:30 AM",
    "FajrPray": "7:15 AM",
    "Sunrise": "8:06 AM",
    "DhuhrStart": "12:10 PM",
    "DhuhrPray": "1:15 PM",
    "AsrStart": "2:18 PM",
    "AsrPray": "2:45 PM",
    "MaghribStart": "4:07 PM",
    "MaghribPray": "4:11 PM",
    "IshaStart": "5:22 PM",
    "IshaPray": "7:00 PM",
    "Jummuah1": "",
    "Jummuah2": ""
  },
  {
    "Date": "01/04/2017",
    "FajrStart": "6:30 AM",
    "FajrPray": "7:15 AM",
    "Sunrise": "8:06 AM",
    "DhuhrStart": "12:10 PM",
    "DhuhrPray": "1:15 PM",
    "AsrStart": "2:19 PM",
    "AsrPray": "2:45 PM",
    "MaghribStart": "4:09 PM",
    "MaghribPray": "4:13 PM",
    "IshaStart": "5:23 PM",
    "IshaPray": "7:00 PM",
    "Jummuah1": "",
    "Jummuah2": ""
  },
  {
    "Date": "01/05/2017",
    "FajrStart": "6:29 AM",
    "FajrPray": "7:15 AM",
    "Sunrise": "8:06 AM",
    "DhuhrStart": "12:11 PM",
    "DhuhrPray": "1:15 PM",
    "AsrStart": "2:20 PM",
    "AsrPray": "2:45 PM",
    "MaghribStart": "4:10 PM",
    "MaghribPray": "4:14 PM",
    "IshaStart": "5:25 PM",
    "IshaPray": "7:00 PM",
    "Jummuah1": "",
    "Jummuah2": ""
  },
  {
    "Date": "01/06/2017",
    "FajrStart": "6:29 AM",
    "FajrPray": "7:15 AM",
    "Sunrise": "8:05 AM",
    "DhuhrStart": "12:11 PM",
    "DhuhrPray": "1:15 PM",
    "AsrStart": "2:22 PM",
    "AsrPray": "2:45 PM",
    "MaghribStart": "4:11 PM",
    "MaghribPray": "4:15 PM",
    "IshaStart": "5:26 PM",
    "IshaPray": "7:00 PM",
    "Jummuah1": "",
    "Jummuah2": ""
  },
  {
    "Date": "01/07/2017",
    "FajrStart": "6:29 AM",
    "FajrPray": "7:15 AM",
    "Sunrise": "8:05 AM",
    "DhuhrStart": "12:12 PM",
    "DhuhrPray": "1:15 PM",
    "AsrStart": "2:23 PM",
    "AsrPray": "2:45 PM",
    "MaghribStart": "4:12 PM",
    "MaghribPray": "4:16 PM",
    "IshaStart": "5:26 PM",
    "IshaPray": "7:00 PM",
    "Jummuah1": "",
    "Jummuah2": ""
  },
  {
    "Date": "01/08/2017",
    "FajrStart": "6:28 AM",
    "FajrPray": "7:15 AM",
    "Sunrise": "8:04 AM",
    "DhuhrStart": "12:12 PM",
    "DhuhrPray": "1:15 PM",
    "AsrStart": "2:24 PM",
    "AsrPray": "3:00 PM",
    "MaghribStart": "4:14 PM",
    "MaghribPray": "4:18 PM",
    "IshaStart": "5:27 PM",
    "IshaPray": "7:00 PM",
    "Jummuah1": "",
    "Jummuah2": ""
  },
  {
    "Date": "01/09/2017",
    "FajrStart": "6:28 AM",
    "FajrPray": "7:15 AM",
    "Sunrise": "8:04 AM",
    "DhuhrStart": "12:13 PM",
    "DhuhrPray": "1:15 PM",
    "AsrStart": "2:25 PM",
    "AsrPray": "3:00 PM",
    "MaghribStart": "4:15 PM",
    "MaghribPray": "4:19 PM",
    "IshaStart": "5:29 PM",
    "IshaPray": "7:00 PM",
    "Jummuah1": "",
    "Jummuah2": ""
  },
  {
    "Date": "01/10/2017",
    "FajrStart": "6:27 AM",
    "FajrPray": "7:15 AM",
    "Sunrise": "8:03 AM",
    "DhuhrStart": "12:13 PM",
    "DhuhrPray": "1:15 PM",
    "AsrStart": "2:27 PM",
    "AsrPray": "3:00 PM",
    "MaghribStart": "4:16 PM",
    "MaghribPray": "4:20 PM",
    "IshaStart": "5:31 PM",
    "IshaPray": "7:00 PM",
    "Jummuah1": "",
    "Jummuah2": ""
  },
  {
    "Date": "01/11/2017",
    "FajrStart": "6:27 AM",
    "FajrPray": "7:15 AM",
    "Sunrise": "8:03 AM",
    "DhuhrStart": "12:13 PM",
    "DhuhrPray": "1:15 PM",
    "AsrStart": "2:28 PM",
    "AsrPray": "3:00 PM",
    "MaghribStart": "4:18 PM",
    "MaghribPray": "4:22 PM",
    "IshaStart": "5:33 PM",
    "IshaPray": "7:00 PM",
    "Jummuah1": "",
    "Jummuah2": ""
  },
  {
    "Date": "01/12/2017",
    "FajrStart": "6:26 AM",
    "FajrPray": "7:15 AM",
    "Sunrise": "8:02 AM",
    "DhuhrStart": "12:14 PM",
    "DhuhrPray": "1:15 PM",
    "AsrStart": "2:29 PM",
    "AsrPray": "3:00 PM",
    "MaghribStart": "4:19 PM",
    "MaghribPray": "4:23 PM",
    "IshaStart": "5:34 PM",
    "IshaPray": "7:00 PM",
    "Jummuah1": "",
    "Jummuah2": ""
  },
  {
    "Date": "01/13/2017",
    "FajrStart": "6:25 AM",
    "FajrPray": "7:15 AM",
    "Sunrise": "8:01 AM",
    "DhuhrStart": "12:14 PM",
    "DhuhrPray": "1:15 PM",
    "AsrStart": "2:31 PM",
    "AsrPray": "3:00 PM",
    "MaghribStart": "4:20 PM",
    "MaghribPray": "4:24 PM",
    "IshaStart": "5:35 PM",
    "IshaPray": "7:00 PM",
    "Jummuah1": "",
    "Jummuah2": ""
  },
  {
    "Date": "01/14/2017",
    "FajrStart": "6:24 AM",
    "FajrPray": "7:15 AM",
    "Sunrise": "8:01 AM",
    "DhuhrStart": "12:15 PM",
    "DhuhrPray": "1:15 PM",
    "AsrStart": "2:32 PM",
    "AsrPray": "3:00 PM",
    "MaghribStart": "4:22 PM",
    "MaghribPray": "4:26 PM",
    "IshaStart": "5:37 PM",
    "IshaPray": "7:00 PM",
    "Jummuah1": "",
    "Jummuah2": ""
  },
  {
    "Date": "01/15/2017",
    "FajrStart": "6:24 AM",
    "FajrPray": "7:00 AM",
    "Sunrise": "8:00 AM",
    "DhuhrStart": "12:15 PM",
    "DhuhrPray": "1:15 PM",
    "AsrStart": "2:34 PM",
    "AsrPray": "3:00 PM",
    "MaghribStart": "4:24 PM",
    "MaghribPray": "4:28 PM",
    "IshaStart": "5:38 PM",
    "IshaPray": "7:00 PM",
    "Jummuah1": "",
    "Jummuah2": ""
  },
  {
    "Date": "01/16/2017",
    "FajrStart": "6:23 AM",
    "FajrPray": "7:00 AM",
    "Sunrise": "7:59 AM",
    "DhuhrStart": "12:15 PM",
    "DhuhrPray": "1:15 PM",
    "AsrStart": "2:35 PM",
    "AsrPray": "3:00 PM",
    "MaghribStart": "4:25 PM",
    "MaghribPray": "4:29 PM",
    "IshaStart": "5:40 PM",
    "IshaPray": "7:00 PM",
    "Jummuah1": "",
    "Jummuah2": ""
  },
  {
    "Date": "01/17/2017",
    "FajrStart": "6:22 AM",
    "FajrPray": "7:00 AM",
    "Sunrise": "7:58 AM",
    "DhuhrStart": "12:16 PM",
    "DhuhrPray": "1:15 PM",
    "AsrStart": "2:37 PM",
    "AsrPray": "3:00 PM",
    "MaghribStart": "4:27 PM",
    "MaghribPray": "4:31 PM",
    "IshaStart": "5:42 PM",
    "IshaPray": "7:00 PM",
    "Jummuah1": "",
    "Jummuah2": ""
  },
  {
    "Date": "01/18/2017",
    "FajrStart": "6:21 AM",
    "FajrPray": "7:00 AM",
    "Sunrise": "7:57 AM",
    "DhuhrStart": "12:16 PM",
    "DhuhrPray": "1:15 PM",
    "AsrStart": "2:38 PM",
    "AsrPray": "3:00 PM",
    "MaghribStart": "4:29 PM",
    "MaghribPray": "4:33 PM",
    "IshaStart": "5:43 PM",
    "IshaPray": "7:00 PM",
    "Jummuah1": "",
    "Jummuah2": ""
  },
  {
    "Date": "01/19/2017",
    "FajrStart": "6:20 AM",
    "FajrPray": "7:00 AM",
    "Sunrise": "7:56 AM",
    "DhuhrStart": "12:16 PM",
    "DhuhrPray": "1:15 PM",
    "AsrStart": "2:40 PM",
    "AsrPray": "3:00 PM",
    "MaghribStart": "4:30 PM",
    "MaghribPray": "4:34 PM",
    "IshaStart": "5:45 PM",
    "IshaPray": "7:00 PM",
    "Jummuah1": "",
    "Jummuah2": ""
  },
  {
    "Date": "01/20/2017",
    "FajrStart": "6:19 AM",
    "FajrPray": "7:00 AM",
    "Sunrise": "7:55 AM",
    "DhuhrStart": "12:17 PM",
    "DhuhrPray": "1:15 PM",
    "AsrStart": "2:42 PM",
    "AsrPray": "3:00 PM",
    "MaghribStart": "4:32 PM",
    "MaghribPray": "4:36 PM",
    "IshaStart": "5:47 PM",
    "IshaPray": "7:00 PM",
    "Jummuah1": "",
    "Jummuah2": ""
  },
  {
    "Date": "01/21/2017",
    "FajrStart": "6:18 AM",
    "FajrPray": "7:00 AM",
    "Sunrise": "7:54 AM",
    "DhuhrStart": "12:17 PM",
    "DhuhrPray": "1:15 PM",
    "AsrStart": "2:43 PM",
    "AsrPray": "3:00 PM",
    "MaghribStart": "4:34 PM",
    "MaghribPray": "4:38 PM",
    "IshaStart": "5:48 PM",
    "IshaPray": "7:00 PM",
    "Jummuah1": "",
    "Jummuah2": ""
  },
  {
    "Date": "01/22/2017",
    "FajrStart": "6:17 AM",
    "FajrPray": "6:45 AM",
    "Sunrise": "7:53 AM",
    "DhuhrStart": "12:17 PM",
    "DhuhrPray": "1:15 PM",
    "AsrStart": "2:45 PM",
    "AsrPray": "3:15 PM",
    "MaghribStart": "4:35 PM",
    "MaghribPray": "4:39 PM",
    "IshaStart": "5:50 PM",
    "IshaPray": "7:00 PM",
    "Jummuah1": "",
    "Jummuah2": ""
  },
  {
    "Date": "01/23/2017",
    "FajrStart": "6:16 AM",
    "FajrPray": "6:45 AM",
    "Sunrise": "7:52 AM",
    "DhuhrStart": "12:17 PM",
    "DhuhrPray": "1:15 PM",
    "AsrStart": "2:46 PM",
    "AsrPray": "3:15 PM",
    "MaghribStart": "4:37 PM",
    "MaghribPray": "4:41 PM",
    "IshaStart": "5:52 PM",
    "IshaPray": "7:00 PM",
    "Jummuah1": "",
    "Jummuah2": ""
  },
  {
    "Date": "01/24/2017",
    "FajrStart": "6:15 AM",
    "FajrPray": "6:45 AM",
    "Sunrise": "7:49 AM",
    "DhuhrStart": "12:18 PM",
    "DhuhrPray": "1:15 PM",
    "AsrStart": "2:48 PM",
    "AsrPray": "3:15 PM",
    "MaghribStart": "4:39 PM",
    "MaghribPray": "4:43 PM",
    "IshaStart": "5:53 PM",
    "IshaPray": "7:00 PM",
    "Jummuah1": "",
    "Jummuah2": ""
  },
  {
    "Date": "01/25/2017",
    "FajrStart": "6:14 AM",
    "FajrPray": "6:45 AM",
    "Sunrise": "7:48 AM",
    "DhuhrStart": "12:18 PM",
    "DhuhrPray": "1:15 PM",
    "AsrStart": "2:50 PM",
    "AsrPray": "3:15 PM",
    "MaghribStart": "4:40 PM",
    "MaghribPray": "4:44 PM",
    "IshaStart": "5:55 PM",
    "IshaPray": "7:00 PM",
    "Jummuah1": "",
    "Jummuah2": ""
  },
  {
    "Date": "01/26/2017",
    "FajrStart": "6:12 AM",
    "FajrPray": "6:45 AM",
    "Sunrise": "7:46 AM",
    "DhuhrStart": "12:18 PM",
    "DhuhrPray": "1:15 PM",
    "AsrStart": "2:51 PM",
    "AsrPray": "3:15 PM",
    "MaghribStart": "4:42 PM",
    "MaghribPray": "4:46 PM",
    "IshaStart": "5:57 PM",
    "IshaPray": "7:00 PM",
    "Jummuah1": "",
    "Jummuah2": ""
  },
  {
    "Date": "01/27/2017",
    "FajrStart": "6:11 AM",
    "FajrPray": "6:45 AM",
    "Sunrise": "7:45 AM",
    "DhuhrStart": "12:18 PM",
    "DhuhrPray": "1:15 PM",
    "AsrStart": "2:53 PM",
    "AsrPray": "3:15 PM",
    "MaghribStart": "4:44 PM",
    "MaghribPray": "4:48 PM",
    "IshaStart": "5:59 PM",
    "IshaPray": "7:00 PM",
    "Jummuah1": "",
    "Jummuah2": ""
  },
  {
    "Date": "01/28/2017",
    "FajrStart": "6:10 AM",
    "FajrPray": "6:45 AM",
    "Sunrise": "7:44 AM",
    "DhuhrStart": "12:19 PM",
    "DhuhrPray": "1:15 PM",
    "AsrStart": "2:55 PM",
    "AsrPray": "3:15 PM",
    "MaghribStart": "4:46 PM",
    "MaghribPray": "4:50 PM",
    "IshaStart": "6:00 PM",
    "IshaPray": "7:00 PM",
    "Jummuah1": "",
    "Jummuah2": ""
  },
  {
    "Date": "01/29/2017",
    "FajrStart": "6:09 AM",
    "FajrPray": "6:45 AM",
    "Sunrise": "7:43 AM",
    "DhuhrStart": "12:19 PM",
    "DhuhrPray": "1:15 PM",
    "AsrStart": "2:56 PM",
    "AsrPray": "3:30 PM",
    "MaghribStart": "4:48 PM",
    "MaghribPray": "4:52 PM",
    "IshaStart": "6:02 PM",
    "IshaPray": "7:00 PM",
    "Jummuah1": "",
    "Jummuah2": ""
  },
  {
    "Date": "01/30/2017",
    "FajrStart": "6:08 AM",
    "FajrPray": "6:45 AM",
    "Sunrise": "7:42 AM",
    "DhuhrStart": "12:19 PM",
    "DhuhrPray": "1:15 PM",
    "AsrStart": "2:58 PM",
    "AsrPray": "3:30 PM",
    "MaghribStart": "4:49 PM",
    "MaghribPray": "4:53 PM",
    "IshaStart": "6:04 PM",
    "IshaPray": "7:00 PM",
    "Jummuah1": "",
    "Jummuah2": ""
  },
  {
    "Date": "01/31/2017",
    "FajrStart": "6:07 AM",
    "FajrPray": "6:45 AM",
    "Sunrise": "7:41 AM",
    "DhuhrStart": "12:19 PM",
    "DhuhrPray": "1:15 PM",
    "AsrStart": "3:00 PM",
    "AsrPray": "3:30 PM",
    "MaghribStart": "4:51 PM",
    "MaghribPray": "4:55 PM",
    "IshaStart": "6:06 PM",
    "IshaPray": "7:00 PM",
    "Jummuah1": "",
    "Jummuah2": ""
  },
  {
    "Date": "03/01/2017",
    "FajrStart": "5:20 AM",
    "FajrPray": "6:00 AM",
    "Sunrise": "6:46 AM",
    "DhuhrStart": "12:18 PM",
    "DhuhrPray": "1:15 PM",
    "AsrStart": "3:48 PM",
    "AsrPray": "4:30 PM",
    "MaghribStart": "5:44 PM",
    "MaghribPray": "5:48 PM",
    "IshaStart": "6:58 PM",
    "IshaPray": "7:30 PM",
    "Jummuah1": "",
    "Jummuah2": ""
  },
  {
    "Date": "03/02/2017",
    "FajrStart": "5:18 AM",
    "FajrPray": "6:00 AM",
    "Sunrise": "6:44 AM",
    "DhuhrStart": "12:18 PM",
    "DhuhrPray": "1:15 PM",
    "AsrStart": "3:50 PM",
    "AsrPray": "4:30 PM",
    "MaghribStart": "5:45 PM",
    "MaghribPray": "5:49 PM",
    "IshaStart": "7:00 PM",
    "IshaPray": "7:30 PM",
    "Jummuah1": "",
    "Jummuah2": ""
  },
  {
    "Date": "03/03/2017",
    "FajrStart": "5:16 AM",
    "FajrPray": "6:00 AM",
    "Sunrise": "6:42 AM",
    "DhuhrStart": "12:18 PM",
    "DhuhrPray": "1:15 PM",
    "AsrStart": "3:51 PM",
    "AsrPray": "4:30 PM",
    "MaghribStart": "5:47 PM",
    "MaghribPray": "5:51 PM",
    "IshaStart": "7:02 PM",
    "IshaPray": "7:30 PM",
    "Jummuah1": "",
    "Jummuah2": ""
  },
  {
    "Date": "03/04/2017",
    "FajrStart": "5:14 AM",
    "FajrPray": "6:00 AM",
    "Sunrise": "6:40 AM",
    "DhuhrStart": "12:17 PM",
    "DhuhrPray": "1:15 PM",
    "AsrStart": "3:53 PM",
    "AsrPray": "4:30 PM",
    "MaghribStart": "5:49 PM",
    "MaghribPray": "5:53 PM",
    "IshaStart": "7:04 PM",
    "IshaPray": "7:30 PM",
    "Jummuah1": "",
    "Jummuah2": ""
  },
  {
    "Date": "03/05/2017",
    "FajrStart": "5:12 AM",
    "FajrPray": "5:45 AM",
    "Sunrise": "6:38 AM",
    "DhuhrStart": "12:17 PM",
    "DhuhrPray": "1:15 PM",
    "AsrStart": "3:54 PM",
    "AsrPray": "4:45 PM",
    "MaghribStart": "5:51 PM",
    "MaghribPray": "5:55 PM",
    "IshaStart": "7:05 PM",
    "IshaPray": "7:45 PM",
    "Jummuah1": "",
    "Jummuah2": ""
  },
  {
    "Date": "03/06/2017",
    "FajrStart": "5:09 AM",
    "FajrPray": "5:45 AM",
    "Sunrise": "6:35 AM",
    "DhuhrStart": "12:17 PM",
    "DhuhrPray": "1:15 PM",
    "AsrStart": "3:56 PM",
    "AsrPray": "4:45 PM",
    "MaghribStart": "5:52 PM",
    "MaghribPray": "5:56 PM",
    "IshaStart": "7:07 PM",
    "IshaPray": "7:45 PM",
    "Jummuah1": "",
    "Jummuah2": ""
  },
  {
    "Date": "03/07/2017",
    "FajrStart": "5:07 AM",
    "FajrPray": "5:45 AM",
    "Sunrise": "6:33 AM",
    "DhuhrStart": "12:17 PM",
    "DhuhrPray": "1:15 PM",
    "AsrStart": "3:57 PM",
    "AsrPray": "4:45 PM",
    "MaghribStart": "5:54 PM",
    "MaghribPray": "5:58 PM",
    "IshaStart": "7:09 PM",
    "IshaPray": "7:45 PM",
    "Jummuah1": "",
    "Jummuah2": ""
  },
  {
    "Date": "03/08/2017",
    "FajrStart": "5:06 AM",
    "FajrPray": "5:45 AM",
    "Sunrise": "6:31 AM",
    "DhuhrStart": "12:16 PM",
    "DhuhrPray": "1:15 PM",
    "AsrStart": "3:59 PM",
    "AsrPray": "4:45 PM",
    "MaghribStart": "5:56 PM",
    "MaghribPray": "6:00 PM",
    "IshaStart": "7:11 PM",
    "IshaPray": "7:45 PM",
    "Jummuah1": "",
    "Jummuah2": ""
  },
  {
    "Date": "03/09/2017",
    "FajrStart": "5:04 AM",
    "FajrPray": "5:45 AM",
    "Sunrise": "6:29 AM",
    "DhuhrStart": "12:16 PM",
    "DhuhrPray": "1:15 PM",
    "AsrStart": "4:00 PM",
    "AsrPray": "4:45 PM",
    "MaghribStart": "5:58 PM",
    "MaghribPray": "6:02 PM",
    "IshaStart": "7:12 PM",
    "IshaPray": "7:45 PM",
    "Jummuah1": "",
    "Jummuah2": ""
  },
  {
    "Date": "03/10/2017",
    "FajrStart": "5:01 AM",
    "FajrPray": "5:45 AM",
    "Sunrise": "6:26 AM",
    "DhuhrStart": "12:16 PM",
    "DhuhrPray": "1:15 PM",
    "AsrStart": "4:02 PM",
    "AsrPray": "4:45 PM",
    "MaghribStart": "5:59 PM",
    "MaghribPray": "6:03 PM",
    "IshaStart": "7:14 PM",
    "IshaPray": "7:45 PM",
    "Jummuah1": "",
    "Jummuah2": ""
  },
  {
    "Date": "03/11/2017",
    "FajrStart": "4:59 AM",
    "FajrPray": "5:45 AM",
    "Sunrise": "6:24 AM",
    "DhuhrStart": "12:16 PM",
    "DhuhrPray": "1:15 PM",
    "AsrStart": "4:03 PM",
    "AsrPray": "4:45 PM",
    "MaghribStart": "6:01 PM",
    "MaghribPray": "6:05 PM",
    "IshaStart": "7:16 PM",
    "IshaPray": "7:45 PM",
    "Jummuah1": "",
    "Jummuah2": ""
  },
  {
    "Date": "03/12/2017",
    "FajrStart": "4:57 AM",
    "FajrPray": "5:30 AM",
    "Sunrise": "6:22 AM",
    "DhuhrStart": "12:15 PM",
    "DhuhrPray": "1:15 PM",
    "AsrStart": "4:05 PM",
    "AsrPray": "5:00 PM",
    "MaghribStart": "6:03 PM",
    "MaghribPray": "6:07 PM",
    "IshaStart": "7:17 PM",
    "IshaPray": "7:45 PM",
    "Jummuah1": "",
    "Jummuah2": ""
  },
  {
    "Date": "03/13/2017",
    "FajrStart": "4:55 AM",
    "FajrPray": "5:30 AM",
    "Sunrise": "6:20 AM",
    "DhuhrStart": "12:15 PM",
    "DhuhrPray": "1:15 PM",
    "AsrStart": "4:06 PM",
    "AsrPray": "5:00 PM",
    "MaghribStart": "6:05 PM",
    "MaghribPray": "6:09 PM",
    "IshaStart": "7:19 PM",
    "IshaPray": "7:45 PM",
    "Jummuah1": "",
    "Jummuah2": ""
  },
  {
    "Date": "03/14/2017",
    "FajrStart": "4:52 AM",
    "FajrPray": "5:30 AM",
    "Sunrise": "6:17 AM",
    "DhuhrStart": "12:15 PM",
    "DhuhrPray": "1:15 PM",
    "AsrStart": "4:07 PM",
    "AsrPray": "5:00 PM",
    "MaghribStart": "6:07 PM",
    "MaghribPray": "6:11 PM",
    "IshaStart": "7:21 PM",
    "IshaPray": "7:45 PM",
    "Jummuah1": "",
    "Jummuah2": ""
  },
  {
    "Date": "03/15/2017",
    "FajrStart": "4:50 AM",
    "FajrPray": "5:30 AM",
    "Sunrise": "6:15 AM",
    "DhuhrStart": "12:15 PM",
    "DhuhrPray": "1:15 PM",
    "AsrStart": "4:09 PM",
    "AsrPray": "5:00 PM",
    "MaghribStart": "6:08 PM",
    "MaghribPray": "6:12 PM",
    "IshaStart": "7:23 PM",
    "IshaPray": "7:45 PM",
    "Jummuah1": "",
    "Jummuah2": ""
  },
  {
    "Date": "03/16/2017",
    "FajrStart": "4:48 AM",
    "FajrPray": "5:30 AM",
    "Sunrise": "6:13 AM",
    "DhuhrStart": "12:14 PM",
    "DhuhrPray": "1:15 PM",
    "AsrStart": "4:10 PM",
    "AsrPray": "5:00 PM",
    "MaghribStart": "6:10 PM",
    "MaghribPray": "6:14 PM",
    "IshaStart": "7:24 PM",
    "IshaPray": "7:45 PM",
    "Jummuah1": "",
    "Jummuah2": ""
  },
  {
    "Date": "03/17/2017",
    "FajrStart": "4:46 AM",
    "FajrPray": "5:30 AM",
    "Sunrise": "6:11 AM",
    "DhuhrStart": "12:14 PM",
    "DhuhrPray": "1:15 PM",
    "AsrStart": "4:12 PM",
    "AsrPray": "5:00 PM",
    "MaghribStart": "6:11 PM",
    "MaghribPray": "6:15 PM",
    "IshaStart": "7:26 PM",
    "IshaPray": "7:45 PM",
    "Jummuah1": "",
    "Jummuah2": ""
  },
  {
    "Date": "03/18/2017",
    "FajrStart": "4:43 AM",
    "FajrPray": "5:30 AM",
    "Sunrise": "6:08 AM",
    "DhuhrStart": "12:14 PM",
    "DhuhrPray": "1:15 PM",
    "AsrStart": "4:13 PM",
    "AsrPray": "5:00 PM",
    "MaghribStart": "6:13 PM",
    "MaghribPray": "6:17 PM",
    "IshaStart": "7:28 PM",
    "IshaPray": "7:45 PM",
    "Jummuah1": "",
    "Jummuah2": ""
  },
  {
    "Date": "03/19/2017",
    "FajrStart": "4:41 AM",
    "FajrPray": "5:15 AM",
    "Sunrise": "6:06 AM",
    "DhuhrStart": "12:13 PM",
    "DhuhrPray": "1:15 PM",
    "AsrStart": "4:14 PM",
    "AsrPray": "5:00 PM",
    "MaghribStart": "6:15 PM",
    "MaghribPray": "6:19 PM",
    "IshaStart": "7:29 PM",
    "IshaPray": "8:00 PM",
    "Jummuah1": "",
    "Jummuah2": ""
  },
  {
    "Date": "03/20/2017",
    "FajrStart": "4:39 AM",
    "FajrPray": "5:15 AM",
    "Sunrise": "6:04 AM",
    "DhuhrStart": "12:13 PM",
    "DhuhrPray": "1:15 PM",
    "AsrStart": "4:16 PM",
    "AsrPray": "5:00 PM",
    "MaghribStart": "6:17 PM",
    "MaghribPray": "6:21 PM",
    "IshaStart": "7:31 PM",
    "IshaPray": "8:00 PM",
    "Jummuah1": "",
    "Jummuah2": ""
  },
  {
    "Date": "03/21/2017",
    "FajrStart": "4:37 AM",
    "FajrPray": "5:15 AM",
    "Sunrise": "6:02 AM",
    "DhuhrStart": "12:13 PM",
    "DhuhrPray": "1:15 PM",
    "AsrStart": "4:17 PM",
    "AsrPray": "5:00 PM",
    "MaghribStart": "6:18 PM",
    "MaghribPray": "6:22 PM",
    "IshaStart": "7:33 PM",
    "IshaPray": "8:00 PM",
    "Jummuah1": "",
    "Jummuah2": ""
  },
  {
    "Date": "03/22/2017",
    "FajrStart": "4:34 AM",
    "FajrPray": "5:15 AM",
    "Sunrise": "5:59 AM",
    "DhuhrStart": "12:12 PM",
    "DhuhrPray": "1:15 PM",
    "AsrStart": "4:18 PM",
    "AsrPray": "5:00 PM",
    "MaghribStart": "6:20 PM",
    "MaghribPray": "6:24 PM",
    "IshaStart": "7:34 PM",
    "IshaPray": "8:00 PM",
    "Jummuah1": "",
    "Jummuah2": ""
  },
  {
    "Date": "03/23/2017",
    "FajrStart": "4:32 AM",
    "FajrPray": "5:15 AM",
    "Sunrise": "5:57 AM",
    "DhuhrStart": "12:12 PM",
    "DhuhrPray": "1:15 PM",
    "AsrStart": "4:20 PM",
    "AsrPray": "5:00 PM",
    "MaghribStart": "6:22 PM",
    "MaghribPray": "6:26 PM",
    "IshaStart": "7:36 PM",
    "IshaPray": "8:00 PM",
    "Jummuah1": "",
    "Jummuah2": ""
  },
  {
    "Date": "03/24/2017",
    "FajrStart": "4:30 AM",
    "FajrPray": "5:15 AM",
    "Sunrise": "5:55 AM",
    "DhuhrStart": "12:12 PM",
    "DhuhrPray": "1:15 PM",
    "AsrStart": "4:21 PM",
    "AsrPray": "5:00 PM",
    "MaghribStart": "6:23 PM",
    "MaghribPray": "6:27 PM",
    "IshaStart": "7:38 PM",
    "IshaPray": "8:00 PM",
    "Jummuah1": "",
    "Jummuah2": ""
  },
  {
    "Date": "03/25/2017",
    "FajrStart": "4:27 AM",
    "FajrPray": "5:15 AM",
    "Sunrise": "5:52 AM",
    "DhuhrStart": "12:12 PM",
    "DhuhrPray": "1:15 PM",
    "AsrStart": "4:22 PM",
    "AsrPray": "5:00 PM",
    "MaghribStart": "6:25 PM",
    "MaghribPray": "6:29 PM",
    "IshaStart": "7:40 PM",
    "IshaPray": "8:00 PM",
    "Jummuah1": "",
    "Jummuah2": ""
  },
  {
    "Date": "03/26/2017",
    "FajrStart": "5:25 AM",
    "FajrPray": "6:00 AM",
    "Sunrise": "6:50 AM",
    "DhuhrStart": "1:11 PM",
    "DhuhrPray": "1:30 PM",
    "AsrStart": "5:24 PM",
    "AsrPray": "6:00 PM",
    "MaghribStart": "7:27 PM",
    "MaghribPray": "7:31 PM",
    "IshaStart": "8:41 PM",
    "IshaPray": "9:15 PM",
    "Jummuah1": "",
    "Jummuah2": ""
  },
  {
    "Date": "03/27/2017",
    "FajrStart": "5:23 AM",
    "FajrPray": "6:00 AM",
    "Sunrise": "6:48 AM",
    "DhuhrStart": "1:11 PM",
    "DhuhrPray": "1:30 PM",
    "AsrStart": "5:25 PM",
    "AsrPray": "6:00 PM",
    "MaghribStart": "7:28 PM",
    "MaghribPray": "7:32 PM",
    "IshaStart": "8:43 PM",
    "IshaPray": "9:15 PM",
    "Jummuah1": "",
    "Jummuah2": ""
  },
  {
    "Date": "03/28/2017",
    "FajrStart": "5:21 AM",
    "FajrPray": "6:00 AM",
    "Sunrise": "6:46 AM",
    "DhuhrStart": "1:11 PM",
    "DhuhrPray": "1:30 PM",
    "AsrStart": "5:26 PM",
    "AsrPray": "6:00 PM",
    "MaghribStart": "7:30 PM",
    "MaghribPray": "7:34 PM",
    "IshaStart": "8:45 PM",
    "IshaPray": "9:15 PM",
    "Jummuah1": "",
    "Jummuah2": ""
  },
  {
    "Date": "03/29/2017",
    "FajrStart": "5:18 AM",
    "FajrPray": "6:00 AM",
    "Sunrise": "6:43 AM",
    "DhuhrStart": "1:10 PM",
    "DhuhrPray": "1:30 PM",
    "AsrStart": "5:27 PM",
    "AsrPray": "6:00 PM",
    "MaghribStart": "7:32 PM",
    "MaghribPray": "7:36 PM",
    "IshaStart": "8:46 PM",
    "IshaPray": "9:15 PM",
    "Jummuah1": "",
    "Jummuah2": ""
  },
  {
    "Date": "03/30/2017",
    "FajrStart": "5:16 AM",
    "FajrPray": "6:00 AM",
    "Sunrise": "6:41 AM",
    "DhuhrStart": "1:10 PM",
    "DhuhrPray": "1:30 PM",
    "AsrStart": "5:29 PM",
    "AsrPray": "6:00 PM",
    "MaghribStart": "7:33 PM",
    "MaghribPray": "7:37 PM",
    "IshaStart": "8:48 PM",
    "IshaPray": "9:15 PM",
    "Jummuah1": "",
    "Jummuah2": ""
  },
  {
    "Date": "03/31/2017",
    "FajrStart": "5:14 AM",
    "FajrPray": "6:00 AM",
    "Sunrise": "6:39 AM",
    "DhuhrStart": "1:10 PM",
    "DhuhrPray": "1:20 PM",
    "AsrStart": "5:30 PM",
    "AsrPray": "6:00 PM",
    "MaghribStart": "7:35 PM",
    "MaghribPray": "7:39 PM",
    "IshaStart": "8:50 PM",
    "IshaPray": "9:15 PM",
    "Jummuah1": "",
    "Jummuah2": ""
  },
  {
    "Date": "04/01/2017",
    "FajrStart": "",
    "FajrPray": "",
    "Sunrise": "",
    "DhuhrStart": "",
    "DhuhrPray": "",
    "AsrStart": "",
    "AsrPray": "",
    "MaghribStart": "7:38 PM",
    "MaghribPray": "",
    "IshaStart": "",
    "IshaPray": "",
    "Jummuah1": "",
    "Jummuah2": ""
  }
]